"","ko15","ko16","ko18","ko19","ko21","ko22","wt15","wt16","wt18","wt19","wt21","wt22"
"200.1/2926",147887.526315791,451600.713166665,65290.3849285717,56546.137326833,85147.0428816731,162012.438555555,175177.078526315,82619.4799999999,51942.9447661977,69198.2221333338,153273.468705881,98144.2800000001
"205/2791",1778568.944,1567038.13810526,1482796.3848,1039129.81818181,1223132.352,1072037.6985,1950287.4888421,1466780.59999998,1572679.16109091,1275312.75818182,1356014.33418182,1231442.16000001
"206/2791",237993.621222225,269713.984105262,201393.4155,150107.310090909,176989.653272727,156797.03535,276541.849473688,222366.154999998,211717.712761905,186850.877863637,188285.941181819,172348.755000001
"207.1/2719",380873.049000004,460629.738315788,351750.138318178,219287.967652175,286848.560869565,235022.62605,417169.584947367,324892.46336842,277990.700681815,220972.351999999,252874.0107,236728.159999998
"219.1/2524",235544.923263161,173623.37775,82364.5910555552,79480.3984444454,185792.42895,174458.76768421,244584.47055,161184.045,72029.3783124993,75096.9890555564,238194.379157894,173829.95115
"231/2516",0,70796.2075625006,222609.068315789,286232.145931036,435094.492105262,100076.188187501,0,73142.0488750006,165382.595000001,240261.211545452,201316.153866668,179437.720235293
"233/3023",399145.340333331,356951.308222226,410550.655444443,198416.546947368,363381.664944443,317805.787888887,397107.782666665,271252.060000001,334459.926666671,181901.317499999,456900.468736841,294270.588388892
"234/3024",76880.8651764701,99479.8431135348,97427.9084568657,53440.0967993283,88227.7903350488,81072.2347499999,65215.6404374994,55914.7465551334,73781.0086315788,45136.3261713858,83693.3852631577,57524.7077798639
"235.1/2694",171995.219166666,128945.162444444,155442.477176472,159288.56018516,99668.4579530996,112541.210832892,199981.494315789,148699.756719352,156968.294823531,174559.047664327,142974.789129726,106634.910880861
"236.1/2524",252282.035368424,206031.9273,71763.791473684,67643.1586666674,186660.9762,198804.282444444,253791.0714,187225.645,53773.0560555553,90012.6427368432,256263.261473684,206486.980526315
"240.2/3681",112440.555,153375.510384799,193768.652319999,170641.491708332,88800.0299138903,146563.042791667,122672.853520863,270872.932846156,176425.150681816,187062.973090908,75235.9352499993,124070.146977601
"241.1/3679",1465988.67130435,1318746.56866666,1215368.73927273,632037.425478263,579968.192086951,561964.932260872,1468102.63854546,1594705.06133334,1006929.31345455,805533.200347829,731777.646583328,522916.137130437
"242.1/3679",280767.609625001,248792.380958332,224467.690272728,109019.428499999,103855.803749346,101092.933727273,280260.238695653,299453.212125002,188328.194954546,139748.299695652,139968.457439999,95347.8537142858
"244.1/2832",612169.851789472,256316.46968421,90539.8608333344,35364.5995790896,54603.1821374136,115505.419555557,627834.974947367,56875.2603799266,168524.487263157,27262.6173128816,110170.729789473,1352929.86389473
"246.1/2517",27932.1199999993,26061.0198333332,0,0,56145.3945882349,47901.55455,105508.751578947,70508.82225,24386.5748421056,0,77205.3607619048,43561.7749999994
"249.1/3668",1435000.72,1228148.15809091,1193346.69890909,641881.756363638,536808.256173908,574005.707739125,1297985.81963637,1566269.10727273,1076654.09295651,747969.404608699,688496.327199996,485427.603652176
"250.1/3668",347794.775041668,238893.441272728,248245.609636364,126623.762086957,107844.147636362,118626.971583333,281745.026636364,336058.763478258,215534.929727273,149872.756173914,139317.285708332,99814.4919130439
"254.1/3231",79006.9630743886,564680.785500003,89307.0016499999,127186.809904762,42745.7443694244,28747.1784202602,70817.6569329288,124200.880761903,108479.02168421,42715.7162736255,78615.5038636008,44408.5360052076
"255.2/3678",1420043.19166667,1187751.92139129,1264221.95686957,673816.218818184,581177.903478256,651560.258086959,1211727.05530435,1550070.65530435,1024087.20339131,875296.291772729,759075.901043472,640885.689652176
"256.2/3678",307708.367333335,263117.303234858,275104.924500001,135782.848732916,121369.161539634,128540.428780284,258452.243181819,338390.940416664,213618.130173914,180384.485681819,164675.679913042,91822.7078125008
"256.2/3453",229192.801894736,2899288.968,245869.325000001,114129.760840873,65505.2261849381,62148.0395393001,249301.22985,293543.9313,185415.276,98358.9930833442,170656.943739131,159465.517714286
"257.1/3654",188817.159789473,224010.0729,227798.269999998,131171.360090909,137772.602797616,90606.2263272027,257809.429473684,220890.756105266,190701.967238095,145974.265136362,118582.078309639,144957.044681819
"264.1/3154",23256.968034819,185347.325166669,165143.892388888,188573.028,181567.06395,195963.039,35170.9179116847,129476.97317647,150120.706210526,169945.459473684,130895.083222224,144776.874666667
"266.2/3669",379553.600086958,348338.537409092,325662.757304349,245240.896909092,143129.524208332,196007.901333332,223593.421875001,534034.478818183,312326.197826084,292310.403913045,182876.530719999,190006.066173914
"267.2/3668",1463921.08,1238442.42909091,1151405.91709091,603390.134363638,536560.993043474,564338.971304343,1364214.696,1615383.64072728,1009688.32831818,728041.893818184,651345.859043473,492315.920545456
"268.2/3880",5234.08533457317,42555.3391281063,272955.021652175,152727.236869566,81714.4654215625,86353.7957894735,1348.46408763527,466306.58655,207039.05295652,191819.343238095,115472.771473684,89289.7091449203
"268.2/3671",306981.483636364,264441.324227273,244444.335045455,128568.786151486,101739.746984128,113999.8407073,291569.811272728,323812.569772728,208591.489826088,145450.110039276,96925.0152631591,75182.2884173695
"269.2/3882",666924.549166674,1237451.66628572,1063929.74628572,436101.188318183,499613.30359091,428313.974500001,464563.23225,2276576.5836,784441.770666667,620319.011130434,556389.854500001,392467.621304344
"270.2/3880",130223.450117648,235715.8989,207683.26552381,74064.1257222219,72738.4658823524,67071.8451183437,82271.1318318998,468060.8955,162845.814857143,131648.489142855,96538.8349171359,71577.5567474128
"272.1/3126",332583.558277782,237444.76936842,125686.685647058,82923.8925167582,77047.746054036,87517.7302385711,306153.783578951,85029.1482748117,148857.79368421,65472.418946668,86744.7936753738,401715.72968421
"272.1/2732",224307.754666664,62517.5385217348,74186.3151281457,48739.2897432268,47787.7941367157,58683.9980181727,294518.89515,47981.3158924533,131285.22045,34812.5919586798,75771.0066409869,230220.889999997
"273.2/3676",71418.4827539561,77433.6381324003,15666.9720091348,22824.6378548958,27614.5434592686,17733.2248503789,55768.1127499995,175747.525363637,98732.3449999995,46454.593603144,54520.1566144604,12049.2966285426
"279/2791",16540436.1742224,12335891.6850526,14683487.664,9660238.21409525,11775210.2400001,10293898.280421,18747984.3662224,12952090.2400001,11584736.4288,10705576.3260952,10839870.3072,11984043.8400001
"280/2791",2942032.95777781,2199151.67915789,2579250.4332,1711820.032,2118031.59161905,1824953.984,3302721.35333337,2292925.32000001,2051176.82590476,1865185.36533334,1991723.90981819,2114477.76000001
"281.1/2791",403697.763722227,310533.127284497,364608.3108,113534.49,300199.865000002,269089.570105262,476559.337578946,315518.085000001,286027.47645,266741.438476191,283748.90925,295382.795000001
"281.2/3668",2772936.69927273,2553705.3469091,2531423.5909565,1521876.3986087,1061126.81927272,1272520.87927271,2219966.32990476,3271118.06945455,2267969.68618179,1798533.40109091,1370601.44139129,1189252.71469566
"282.2/3470",745727.15505263,4632131.53431585,772077.813882348,949999.735052629,223560.365844067,127801.935055378,609642.461789472,863350.164210524,1100345.79368421,419170.930285715,547837.99536842,265745.791058826
"282.2/3669",695800.819458337,676230.468765177,601572.41686956,349993.839922681,254716.820003482,305437.259217389,540116.710095239,792999.46356522,534836.410956517,400417.094772728,318091.734951266,260489.805608441
"283.2/3883",414367.554944449,880917.95504762,1102490.17295238,485863.612954547,488737.758476191,479697.692045456,173599.011881366,2341040.004,806746.587818184,671217.807869564,573786.613826089,479045.105999995
"283.1/3651",634718.214999999,713218.13775,349148.700952381,222767.793465545,241340.313197987,195693.610115699,623568.335172414,269530.750562502,363316.010717466,231972.53124867,223708.82628182,190100.44123125
"284.1/2720",733321.817263156,939243.851789471,650687.012347829,550520.828896549,432174.119619048,524801.28765,878794.629789471,779270.236947366,573395.647846152,577530.179586207,400051.2984,576682.154999996
"284.2/3697",715122.055000005,4301240.32,389181.804287748,177969.805411767,126402.359750201,209110.514667546,594958.901333334,712510.78035,272934.8767198,166998.310409338,257255.115577385,198006.534975827
"286.2/3260",1557473.39966666,1463433.9274737,1485022.37642105,1084076.85885,1181006.73195,894860.379473696,1668944.39244444,1362196.34499999,1305651.23894737,1203023.55547368,1153278.57347368,1195802.41499999
"287.1/3261",381592.923444443,383820.556526321,388006.065777782,311018.503691059,300519.125,287257.791184334,471955.262421051,357491.384999996,327052.090736841,302366.610947368,410310.806915957,390357.998870498
"288.1/2798",233984.233555554,295667.56845,323173.547333337,286756.260947368,318510.608000004,401680.332812503,988202.948777773,237252.672691865,639029.414444452,395495.063894736,544135.329894735,1734884.89155555
"289.1/3116",306747.825000001,290552.823263157,240938.009999997,206526.451500003,187249.265732059,230682.631789473,349864.328526315,211289.409222225,225114.294999998,166132.575000001,221318.52666503,246425.152591033
"289.1/2720",331377.605263157,323543.478736841,182502.721616066,102976.524465208,153953.370454658,131181.776786329,367248.38145,247406.762055554,147987.221403535,101840.096289459,125235.408076201,337823.851764704
"291.2/3671",118553.451889967,120738.726120478,111560.760380952,24739.2819135467,23319.8796596756,29812.2172102346,85006.0397647067,162097.991818182,80209.6625555552,38437.439456868,34494.5089294135,35459.2046747882
"294.1/2583",32724.4849411762,71533.4611764713,54070.1555625005,57688.5470555553,33197.0191874997,64823.2498947367,44316.0042352938,76577.4265000009,71824.8244210535,46647.6569999996,43427.0156250004,46654.2149999999
"296.1/2727",136683.812722224,202807.78926316,172459.05495,134822.00745,84668.4898499999,84544.5586666663,180084.753473687,102759.465,149853.3522,126363.644952381,86857.5000000002,96876.32088889
"298.2/3186",180780.817277777,204735.293816561,191015.910842105,190626.84952381,160372.718805708,220288.6218,17292.67091371,41352.1967846823,50906.3365372161,79453.8574589137,52430.4475874364,51689.3080949946
"300.2/3392",4534353.62273683,4980914.48421051,5290739.13866664,4564262.89684209,4733236.07999997,3931592.586,349660.88536842,491793.181333331,645526.704947367,634108.848947367,1438254.44559999,1364627.844
"301/2792",2739847.25473688,1732887.9144,2330865.11542857,1185809.87781818,1908462.9730909,1339885.1508,2844473.37600004,1716199.2876,1636414.36647619,1250314.07066667,1576059.46290909,1336835.52000001
"301.2/3389",962353.429578945,1047934.14136842,1109303.04472222,946943.392842103,984787.204999993,806171.472899999,71656.2087820847,116213.245742969,136972.134815959,130722.635028806,213514.189954309,291392.971409092
"302/2624",643996.186421051,790351.629263156,444524.0475,385833.770608697,399591.811047619,454476.256,667080.72505263,653312.380000003,343121.412260867,327247.192380953,424152.173714286,504934.2474
"302/2791",494305.840736848,319649.88968421,450510.293739132,212126.497112735,350811.965000002,251603.2713,525006.2961,305139.005000001,301177.067227273,206572.912054343,274760.228623647,263387.935000002
"304.1/2925",1948205.59866666,1198308.81915,1243865.55189473,1045968.56747368,1419171.7776,1626956.84294736,1675019.50652631,1672881.4716,1125530.49168422,1313723.88165,1820963.30040003,1501736.01431579
"305.1/2927",994373.817684208,888256.440000004,1063314.6672,1096130.20647619,1246073.69263159,1214950.01936842,1681341.89389473,1149447.58231579,810315.662842116,859584.524190477,2251478.21104762,1721307.2844
"305.1/3504",557848.32141177,990038.12611764,1523254.27341175,748182.724500009,643288.347,635215.26673684,1196708.95270587,1030918.10738888,1237490.77405555,708628.753666675,498122.663450452,585316.919894735
"306.1/2928",215368.056842105,409645.009999996,246498.779428572,247480.004571429,265343.086105267,270333.703263157,362282.185894736,292946.1204,193570.524952381,186105.9595,467150.934999996,374561.3928
"306.1/3504",125473.85364706,218249.82635294,337795.682823527,159274.083368421,153809.5458,139507.233157894,266504.78752941,212509.622117646,272840.239166665,154863.772333335,97078.5336312589,111069.401965734
"307/2625",349067.118111109,420085.7883,226991.30265,115324.015701861,197855.364571429,175941.336380953,338093.36295,319222.440000001,184048.866692307,82136.948374762,184966.135350003,181595.7605
"308.1/3260",312927.856055554,1931395.44421052,246074.480470591,237549.176999999,146735.965000001,114054.477882354,209238.895058826,355567.999999995,145089.129333335,121584.974823529,247134.923473684,123431.55
"309.1/2924",820897.836947366,410850.186703075,490685.200666672,258387.32955,570486.873,448465.402421051,655900.74105263,535264.54335,450819.841350006,323317.10505,621911.130000009,366731.331263157
"309.2/3670",474829.718086958,357127.8498,375113.818434784,129138.915182596,83873.0450000001,142394.682781475,406958.041904762,499268.32304762,311566.800454546,223811.974318182,144582.6006,91684.0328624266
"310.2/3634",192388.209199998,232015.944999998,197712.638812498,88712.5922900974,131799.345882354,128400.293647058,272303.463222221,161525.214999999,115840.145593346,104797.655065078,100555.010089073,78540.4411837733
"312.1/2999",293193.90661111,263174.5116,296169.41936842,158153.847,243862.618526315,264121.30635,241411.910947368,288181.927999999,230302.349578947,149743.8057,192635.850000001,211505.766736842
"312.2/3868",219733.398857143,458436.955419356,176647.374227271,79527.4435560307,78967.8880396427,40777.0486011732,205753.020210529,218705.980592334,114861.906529423,102530.887149746,77037.8842405515,72330.0349988513
"313/2788",1704155.4324,6856948.35031588,897619.326149999,1642799.37219048,806366.75352381,307398.43365,915830.649299999,4877627.9578948,7685168.97959999,4134979.77904762,4114991.6389091,760122.81915
"313.2/3291",1225817.54999999,1075844.97768421,862661.587368432,530671.4151,462568.708105262,469316.761157894,1230795.81499999,1269568.8174,750402.914699999,564428.002421051,509199.444842104,457307.085000002
"314/2788",388253.14035,1499485.01160002,171070.656631579,390983.008,178926.450000001,76637.7742060425,165809.822937501,1015506.86694738,1678104.69790476,925856.843227275,823072.932899999,162686.444999999
"314.2/3289",292071.254999997,242072.318736841,231155.24589474,168249.295160546,107923.346090468,114857.414911622,324236.699999996,286295.0829,198117.642000003,179105.38292519,86436.5149999999,114670.843867175
"315/2524",0,0,3525288.07915789,5071743.22448481,3617315.62226084,723199.46646154,0,100434.214695651,4208773.83348152,2914424.79026088,5453768.79111109,1544977.30346665
"316/2524",0,0,719323.36305263,1097369.93169696,795085.550608689,179512.956428569,0,25076.8633043476,883721.247464294,636243.20016667,1163245.11477777,380126.448624996
"316.2/3088",107994.279544477,125171.053000415,67253.0099999992,85531.4757676638,83403.2097785946,159768.606736844,1363190.24172222,71472.9536575448,302041.101894736,198404.027368421,172667.1933,1081830.44499999
"317/2792",554864.609052639,154072.685,355561.33485,79341.0808297411,127867.116504189,109807.662,623123.96625,204779.9673,285929.71509091,105080.638463837,77222.1912615211,130977.594952029
"318.1/3248",60249.6503129036,112100.294970821,99212.9683157892,127139.6679,94649.7409499999,113150.389578949,150258.431645919,121177.392761905,90519.6000000005,98147.5535238096,89829.4397466426,147843.707789476
"321.2/3667",297015.323359998,282316.235045455,323305.086399998,38719.5805333336,96046.9003333329,136280.055334682,141273.780352249,422866.367727274,293428.122541665,200103.610400001,117510.871863635,109525.426940929
"322.1/3504",648546.052235301,1058978.4797647,1722624.64941175,1324834.36378947,650881.4844,937782.190947366,1401260.84894117,1450700.3701111,1509039.62368421,1351949.24577779,536634.537157893,904041.925684208
"322.1/3392",238208.46368421,272654.010777781,378948.167333332,273593.9487,247266.869999998,149553.281153223,21321.1896781893,30188.4704768412,63761.735932206,42141.961982297,33335.1559518645,28514.0612063286
"323.1/3505",158127.916235296,277326.355764704,397502.883529409,307340.01368421,155371.3659,230601.254526315,323742.511058821,330337.862999998,354443.364526315,313828.285473688,136403.942526315,222893.888736842
"324.1/2792",339832.022400005,284679.760000001,341633.138608697,178400.908001388,264128.199916667,283695.318260871,455424.617142858,379752.33195,303409.426791665,224206.885541668,256623.466422739,303097.266454546
"324.2/3276",221263.213578947,388214.928736847,186860.975578947,162564.375000001,148367.965157894,182694.969999998,27867.4238544061,50017.3810801819,26688.4301799078,16247.6960296074,26847.449395203,19374.0476006819
"326.2/3415",4809521.44842104,3931304.6352,2913711.5472,2819100.93,3284987.2808421,4346409.703579,259229.27265,314154.3228,161900.583619048,200939.740000001,247976.865157894,237853.6206
"327.1/3504",190747.102000002,275564.807444443,465617.920555553,263114.601052631,185070.329999999,202417.739166666,356507.684470586,296447.42611111,416275.22222222,248423.975944447,124974.881437841,184970.519157894
"327.2/3418",1108851.28263158,950126.528549999,674222.71365,677091.267,772290.305399999,1013977.91336843,55381.0613749435,17519.4006344989,29804.5706484026,34288.8844170037,44466.1546156087,12124.5657592176
"328.2/3633",6463382.8665263,5630552.3844,4398403.51494736,3085430.3808,3289887.96840005,2626186.4136,402409.00136842,573880.805000002,403748.596315788,412858.154947367,385802.428650005,297208.544421052
"329.1/3499",325363.790117645,367926.805000001,409585.08472222,291867.379052631,259407.67695,211961.166421052,432441.760235291,481405.639764711,382402.714210525,227057.789444443,187019.34975,161229.429999999
"329.2/3630",1521141.36168421,1315446.8916,990625.76873684,707798.715899999,759301.2204,605854.743,114347.574315789,135671.146574037,96127.4755490039,66466.1860391875,89237.1986002824,40288.2381404578
"330.2/3631",201588.695263157,167042.482105263,143015.845157894,105447.718631579,92547.857473684,95737.3811999999,18540.3335158943,18053.6808200412,5506.72479171821,17503.9379891743,9994.29267413262,8836.57741294987
"330.1/3500",94656.8096249991,102329.736517784,112024.983111111,68804.0589453854,52925.1849286312,54726.9758270415,124849.442117646,125403.431294119,103233.318105263,65765.3482105262,28564.7973097305,50629.7476366598
"331.1/3497",466357.165411769,490815.3,438999.397375004,372786.981055554,320962.880526315,307401.046631578,600145.551529418,402078.234999999,301914.002249997,414769.745666665,312639.4512,388149.200947373
"332/2523",0,0,4658831.1108,7614619.50545448,4486091.84556518,1136008.96,0,0,5672069.07685714,4752615.70266663,7203558.86529727,2631198.27599997
"333/2523",0,0,927289.218842103,1587224.13090908,933164.794434774,253220.203076924,0,0,1187460.47078571,947074.128000004,1580626.57610526,544591.990249995
"334/2524",0,0,208246.33155,345968.5578125,259924.865409088,49142.1673749995,0,0,268288.087357143,203024.939478262,396380.463810809,103730.317249999
"335/2788",382769.55555,1344842.91240002,190478.179047619,255464.744954546,163243.312761905,47485.7108148024,215083.925333334,843755.312100012,1435113.39672728,591752.314695647,763566.362000002,130790.895238095
"335.2/2998",71582.8809471347,407360.885485715,40837.0440625003,41310.9496517436,40345.4434905245,74448.9465882348,64766.6698788471,115959.253444444,74436.4251767947,45687.9261875313,50994.1627612761,51228.7099999999
"336/2787",73353.4877647054,294165.216450004,49687.9434802652,62268.0444796822,46847.8602635756,20841.4759864182,68559.6689788526,187153.935450003,317781.234954546,144038.598260868,171719.094857143,44772.1135772243
"336.2/3695",35984.6140490354,664589.328842104,419444.23472222,209776.49989474,34405.7272685184,28498.9403275726,27777.7797391079,55492.8422269535,290423.954944443,220986.217894736,43623.6646150381,28791.1479312763
"337/2523",0,0,4073677.5264,4153687.17842421,4365319.8143333,1023976.5822857,0,0,4694316.95028571,2645818.71566665,6391595.60084209,1862776.40499998
"338/2515",0,0,795295.0704,868056.232424235,870134.047874994,218742.585857139,0,0,937418.302035713,557510.146416663,1164693.07199999,381922.996874996
"338.1/3024",396319.791157894,441040.4688,411133.582947367,212310.14968421,341346.319999999,356067.779894741,364577.282499998,358070.434999997,360865.908526315,214432.218315789,438100.755999999,354304.084210531
"338.2/3668",614212.525444442,605655.000000002,622113.929944452,335737.548631578,364966.68435,356312.810888893,557322.100055562,641973.074944441,476072.638947367,342120.329722221,339368.22652632,328142.859052631
"338.2/3836",90747.3726147277,711015.495000003,244913.805555554,154551.072210526,104014.842975189,65176.8869224016,120822.565504209,408664.095999999,254368.110210526,131728.049767905,420930.153473683,110879.33407785
"339.2/3321",3474207.11095652,3533684.34573914,3243829.35860867,2482697.10469566,2321804.12254546,2311412.82436364,3467091.654,3924276.99699997,3301294.56208693,2476099.24800001,2415701.39527273,2138854.67636364
"340.2/3321",954019.805543192,853736.414458338,883692.050780961,843098.740949661,330402.124500003,591805.523217394,978562.511952793,936253.537458327,885705.210998778,816911.145397914,531026.65875,543389.77709091
"343/2686",20269361.9199999,21948623.1359999,17930719.6444444,15378115.2937143,15793756.4586666,17800198.0504617,22065406.8258461,17773756.4603076,14333257.9034074,13440374.5721379,15108077.3262222,18737045.9022223
"343/2599",2472386.87022221,2933970.36399999,1643088.07905881,1221113.16,1421930.59200001,1962811.82117646,2741281.88444443,2378377.52755554,1121674.71811764,300731.615999998,1448739.28,2022329.66400002
"344/2686",4426345.38367998,4808488.3033846,3954886.76207407,3374426.07171428,3500474.55514285,3862062.16338464,4933534.99015383,3982326.32769229,3276619.29422222,2910182.54628571,3298613.41107691,4092027.59644448
"344.1/2912",70557.3927585278,781070.545071428,669103.342879997,621011.554461533,548931.574999996,475386.242272728,133872.967890041,706044.223680005,695608.329583337,623623.088423082,619525.598086959,532428.835454547
"345/2686",703795.376159996,744691.642961536,602322.945185184,508404.360115383,553315.795724136,600422.533615389,763241.946719996,611646.437769228,486979.557919997,458777.105178571,524993.430296295,644033.316807697
"346.1/3499",732502.016470583,890001.415000002,917425.206388885,952137.453157892,472769.83005,562731.599473683,994786.157647052,1435435.90200002,879991.735277774,751993.204315788,355132.53855,466886.449999996
"347.1/3499",202822.159749998,236859.620000001,240054.653055554,247355.581052631,134452.883809524,150277.45365,271151.097882351,381682.125277782,238818.793157894,207879.78368421,101642.092190476,131434.959999999
"348.2/3496",221323.833000003,202071.234999997,204324.223263157,187851.587263157,128782.8654,140879.9289,284864.7186,223959.324999998,150425.589888888,215002.2207,121967.757695652,176025.280000002
"348.2/3288",165830.902999999,183665.009888891,150844.995000002,134637.11694737,136452.455894736,167008.053263157,23693.8489815922,16600.6576652506,19190.7566847271,12271.8465538867,11053.8369248157,18758.7681869696
"349.1/3409",146310.3054,38794.1840282692,40443.1856227288,67422.4875984971,110555.89275,114025.195157896,42466.664630269,14918.3438902924,16861.7656804912,18197.9614464639,36690.4180809738,29217.2901874858
"350.2/3648",282937.260722221,359201.510212924,264953.602331747,181736.719928572,240243.927357143,89835.6950000002,49417.5023210796,316760.695000001,175073.792,113665.257263158,68552.8460517744,84265.7381062113
"351.1/3499",185786.686588234,191451.145,234594.071999998,186969.114368299,120076.846631579,105565.08968421,216720.878823528,242060.911833336,205668.513052631,151127.737974735,88486.8190526314,66543.8
"352.1/2791",265882.992947372,181651.115,227777.569136364,126420.265109749,116138.65,128637.698681819,269970.649565218,204617.523809521,251136.397826088,89930.3873532249,146512.79452174,125350.239999999
"352.2/3494",165714.372571429,354074.63235,161146.276571429,96586.9692625002,48234.3752000003,77757.6706499999,64094.226557408,71466.8376800929,47886.445708903,20011.8199179274,40264.2621609313,15296.807301574
"352.9/2514",0,0,586587.0786,557009.512941173,326683.487124998,85987.8283076925,0,0,879668.682206897,325257.810083331,213709.02523077,166049.648470587
"353.1/3496",223895.036722225,261258.573473688,205854.357166666,124798.5027,128120.89155,106673.072421052,245539.783333336,159550.185,120134.525222222,127073.726315789,114163.62,108292.97505
"354.1/2790",196500.123778705,174179.270795434,178660.860765162,117479.947976366,232692.025000001,214141.855764704,170052.191894059,125182.785,173901.321499999,125653.357458576,289194.448947368,211433.065000001
"354.2/3618",1135610.95,904522.364526313,832780.319999991,532867.708842112,570306.90375,729939.965999998,112167.158823531,154475.666111113,51277.2249999999,92194.8928598917,74017.6724184191,65852.3470012402
"355.2/3618",334039.86,257216.861647061,222655.68,126090.440470587,154979.578222224,218179.85961111,66598.1600359745,139505.407555555,45767.6891715418,131022.088526315,34624.9247827523,51010.5818143213
"356.2/3835",1189376.08455,2242782.41178947,1535138.25094736,932580.305894734,1206594.76536844,823710.047368432,181130.138315792,521478.345000002,258986.269894736,237846.960842105,197582.429999999,246931.89555
"357.2/3835",328565.94735,567776.989789472,391437.15536842,254805.159,305032.22925,218120.799263161,53706.5586603629,148383.910000001,75172.0001640103,64537.679174606,26188.8631182518,70351.8840843152
"357.2/3472",107080.848437499,193167.766241527,343171.048631578,189441.573789473,80652.2276234745,54733.0363819191,368090.32455,270155.75355,220815.638631578,123087.805368423,63384.6925711753,73628.6284366322
"358.9/2917",0,3555646.9272381,4250967.40945456,2535026.04945455,0,0,0,0,1117122.04,0,0,0
"359.2/3722",462141.392761905,616424.640772729,407618.335000002,285184.520944443,437009.1576,413134.2804,370926.01395,771634.200380953,272933.080842105,446149.144380953,382811.8092,521506.296380953
"360/2690",9748523.95007995,10851568.5046155,8797145.08325924,8702183.13066665,7372829.19942853,9376844.92385183,10710925.3839999,9496878.38208006,7457843.56342856,8053174.83475862,7425235.49451847,9956697.08544001
"360.9/2917",0,2721897.57913045,2969929.06971429,3456162.65947823,0,1575.75422852771,0,0,889552.008899999,38687.3925851166,4051.24480288217,0
"361.1/3169",1170645.198,1498158.48700001,1046203.53066667,737098.285772729,690755.286818184,687633.816380953,1152980.0424,1279489.62186362,974223.545904763,778375.526863638,696882.684952382,648550.695619048
"361.1/2690",2206508.13138461,2560830.27437036,2364088.7256,2322160.13866667,1625820.32355554,2088472.47230768,2461531.84383999,2144658.74304001,1938517.95013334,1912069.57165715,1753050.83946666,2204020.80864
"361.9/2918",0,1907483.89366668,1810216.50782609,1020656.76666668,0,0,0,0,663489.73104762,18474.5839913681,1691.23639312085,0
"362.1/2689",770409.316173906,934352.596434786,641678.300458329,632941.445555561,600784.374249996,605451.080000003,704809.468695646,658928.806227274,491933.697374997,514541.882482759,568139.948479997,586544.850916667
"362.1/3167",312079.1991,357322.488144987,307965.840045455,216066.628453411,78704.0216470583,244520.044708335,292404.155999999,364509.212727269,296741.986045455,251609.305958335,210111.906160437,217405.324956523
"363.2/3261",405917.61336842,390905.073263157,306254.4552,189293.2221,178701.912380953,165307.23345,430759.587894736,485668.14795,269878.7574,208853.849904762,184987.695000001,171469.865584179
"364.2/3732",382350.35655556,233404.075263161,217897.202687498,100901.66820393,187667.23905,160307.879294117,371077.150000002,308697.815000001,155474.925,125466.05,61473.5662009748,51657.304380953
"365/2687",12540961.9885714,13086927.3322667,11725804.6293334,7176350.08193936,9905615.66109091,8655442.52159993,13169757.888,10032806.1351724,8963502.49275003,6327210.04412119,8737740.73238712,8426676.80129039
"365.2/3395",372091.887391306,358191.491227274,358265.56845,208369.265999998,167321.937571572,165509.400605018,381820.099125002,455203.598347828,317859.043047619,218376.887181819,178224.848409091,150059.747771136
"366/2687",2864111.74041378,2952706.01703227,2484968.45832259,1546876.71483871,2118036.4905,1929729.09733332,2914143.2096,2259649.11013334,2003961.26400001,1404628.31174999,1879524.96666667,1802965.95306668
"366.1/2792",652282.58273685,553363.1901,747021.662545456,818030.943130438,942350.69672727,771053.994899999,722235.730105272,532891.18305263,702447.949304351,868236.678079996,810665.234000002,884880.735000005
"366.2/3847",428862.871684209,545334.079578946,416711.84172222,278174.089578947,281201.17065,231209.970000001,544398.788833331,466799.453611109,386455.205833332,318069.292842109,279764.54655,249253.396499999
"367.2/3529",2734570.63266665,2693665.4976,2455930.08834784,1617637.17527273,1607496.26981819,1598231.7389091,2784614.70591999,3238645.75776,2423942.37704349,1712150.07234783,1657051.08313044,1517655.35927273
"368.2/3529",841651.137599996,730786.341600001,636622.748086959,457324.643833336,441341.213478263,438156.526956523,866902.619423074,887056.302153848,637453.740000003,466716.983478263,436644.227545456,401560.018695654
"371.2/3641",501808.198421059,378297.504,196485.034777777,152014.517201603,126120.458243258,143317.09019199,529104.586777775,342909.702421057,260521.938555776,120199.990264264,145779.520727334,177029.057233204
"372.2/3293",70830.3206232227,5201100.80430768,3894763.17394285,3037266.13622858,2934672.46500002,2365565.97733335,5935.90882709664,3457744.20654547,3646832.88496552,3227975.36506667,97918.9199999993,2606604.10226088
"373.2/3272",55224.6046162672,1170804.48141177,1009312.48438889,739726.507303031,703978.476782611,575113.410240004,32082.8373401125,822775.278321428,845697.310214285,789026.458966668,825939.566357147,105370.371750001
"376.2/3717",162499.439894736,219938.407619048,74948.1895404796,131973.329944444,141468.112210526,148533.849578947,115815.278555557,322572.679619048,74603.0720767398,165280.880761905,122884.362210526,193350.13409091
"376.2/3460",185802.723999999,178779.587368421,140389.601166666,95461.789473684,48579.2671090783,88793.5487368419,18922.2919136069,22769.3555084654,13739.1939385653,10695.9339772863,10931.1613147335,4612.74714309323
"377/3076",94719.8274444455,125213.21445,94550.813444444,51965.4365432409,85111.6179090911,66383.2397647066,92796.5107222233,92967.2633684208,65916.8872941172,39253.2221353487,58266.1005712726,45675.8308124996
"379.1/3331",606273.861176477,1073198.75,1271171.50838888,1839451.65642105,1075704.37635,1466693.7128421,798946.392388898,777467.417578945,1171788.14649999,1529429.32294739,740580.850285715,1523458.64000001
"380.1/3154",308623.568450488,1911798.7311111,1717570.34622221,1756725.2328,1765811.49305265,2609852.5285,1074832.19282758,1434540.75377777,1563407.46021052,1610769.02736842,1355144.26442105,2022633.25155555
"380.2/3330",70728.6814126046,58323.6186963966,100747.019741665,495773.76136842,128146.895000002,195934.291542863,113088.342400001,121021.311687501,92911.0141239396,417616.379611116,85803.2124590335,119431.506242557
"381/2687",1822015.03714285,1040975.8527742,1053454.83200001,483009.795760216,377543.268709359,450977.469145554,1853495.07972414,759658.188320005,1313396.04748387,529259.019849922,493962.657130009,419444.514109524
"381.1/3154",64117.179207318,412013.018117651,365480.255444443,390842.162285715,371351.680350005,398323.5936,80596.7691305968,314270.578388887,343710.955473683,333494.979052631,302289.928526315,445468.648892857
"382.1/3246",371525.824330161,1242416.70553846,1084915.21824,944606.182999999,846849.934719996,1212011.09309302,544489.261970586,1016638.70495999,920957.342481485,883904.547076925,794106.697571428,881742.631764707
"382.2/3796",710639.895000002,580437.413999998,433480.221444442,286404.147789477,317220.05985,323722.842833332,102300.919999999,94799.8749999999,87357.4200595458,54004.4763454495,42479.6961062439,20705.0050386947
"384.2/3993",1085362.52461111,637047.820105262,1532283.78694736,608698.798526314,545797.849166673,317300.310833332,196445.911166666,130201.812833333,229819.916388888,184463.131555558,116095.403611111,145168.941499999
"385.1/3177",1137379.05585,1228016.54433334,1151942.66819048,903258.899590911,877203.971363639,760969.049904763,1245689.57561905,1413865.61828572,1123948.8,896498.295954548,808884.315727275,856576.685714287
"386.1/3178",325325.430857143,269560.619263161,312436.483047619,275222.643652172,229810.018336459,221569.394454546,345949.41195,397554.792909092,313348.850285715,243353.225142857,186412.14915,242389.549727273
"388.1/2689",584497.8965,573448.716121215,352124.762367163,288965.797620497,336892.631445917,260421.326631578,702064.675848485,752440.932000001,606807.79755,341785.774414945,483359.188775208,364109.160833333
"389.2/3353",1199783.26247619,1140158.58877272,1008373.96755,673382.3355,659322.262857144,724902.054449999,1231191.85676191,1357790.24457143,959959.109399999,677888.857904762,648895.56285,642441.70905
"390.2/3353",348186.255238096,335515.299863633,282058.76325,188020.91775,181618.983619048,216997.53195,345712.06552381,389364.847238096,279306.0162,203101.084952381,194945.8215,193556.440380953
"391.1/3627",6899364.31244452,7039984.5945263,4933377.64294736,2162710.8216,2159509.08952381,3583241.21010531,9246372.59031577,5176181.16000002,5942055.07957893,2106209.8668,2644093.46438095,4596621.21840006
"392.1/3627",1832399.7097778,1878963.44757894,1330574.59073684,610131.75135,566597.97225,973222.060650013,2482519.82905263,1410152.64000001,1584953.65557894,554438.31075,709070.534095239,1209064.72050002
"393.2/3630",399851.877368426,382029.020000002,273051.506666665,135674.243752464,103944.888629388,198823.767600003,431680.535333338,304225.768421052,328382.8482,132192.817113012,114428.737777777,230953.75605
"395.2/3716",420647.60535,421290.990521735,354284.247130436,83806.7337874869,146232.0579,158797.283047619,263984.711789477,702781.285043472,230011.65615,186350.810000001,177711.29752381,156146.469681819
"396.2/3331",212417.290588237,418476.315999999,493690.08165,794110.40325,372788.871619048,603055.04745,289612.708941179,297155.8359,428490.414210525,650558.01073685,264918.504999998,614589.585000004
"397.2/3330",55424.8469852122,100859.584424774,133878.117473684,210330.84495,114604.592761905,162646.81845,68370.1848179451,69155.0491733252,118164.480947368,185109.799473687,62903.2724227754,183453.995000001
"398.2/3330",15584.5037678218,10600.5828526535,88255.5344105559,1376143.44,71722.4595999991,1130981.79972414,27013.3816208009,2069349.49174468,1716650.13046155,1641655.02857143,1422532.59085715,1186504.83970371
"398.3/4058",302032.712833332,199444.344722221,106172.73,56563.1009999995,100635.107294117,92674.4450555566,0,27666.5950588233,14534.155,15245.6569411766,0,2258.21011764704
"399.1/2800",517279.866555553,130305.3019341,264044.699999998,347198.380000001,116204.627145114,99938.1328546549,541969.995055553,103373.511499999,287810.497722226,341704.692947368,178355.78655,131298.838888888
"400.1/2788",90919.3521502459,229736.574476191,75226.188831348,165331.691486514,66671.300936787,29900.8697592378,158828.073368421,187919.741818182,293209.883636364,303195.027499998,247167.668086957,51208.2459877706
"400.2/3607",41473.1601929081,17935.5739416783,252473.683491503,12036678.8712727,6745245.84933329,5488584.30766669,38182.9160648266,19480.2570681034,268014.050330677,10756761.9550968,7160707.13185191,5289514.72127997
"401.1/3330",125408.68748356,168282.885,240788.109176469,363286.882105268,205112.030000001,58769.2745234074,132476.202769202,75162.3010792797,183700.709669713,211738.401992079,70957.0834313899,284150.623578947
"401.2/3601",108144.849621232,35674.9375291709,58707.118074702,1442229.21920198,1834093.60766665,1589913.28523078,42138.4819411793,68194.1493096451,80484.7680313965,2991281.26874998,1786746.13119999,1501862.28923076
"401.2/3751",281640.389724168,701952.447263156,580139.500743362,280280.954563363,387217.297420105,347825.326695499,323630.511111115,3033005.55786664,4059629.31918367,608012.911540819,266937.873920038,373430.000969631
"403.1/2950",93996.9987368433,101790.684944205,111200.257388888,63836.3378541842,73576.7308266346,86898.2351111121,109363.012611112,85233.293473684,65660.0902938544,64596.4719138958,67256.2912075994,89870.0646111107
"404.1/2690",299182.047321428,215939.62575,128681.339428572,164413.685988558,200954.042785715,322108.774107143,314592.250642857,255091.583275864,157515.3474,125390.880499172,241225.201615354,274583.191912432
"408.2/3444",108910.260374999,573379.772952382,853918.232489794,233681.4639,242171.131009386,231425.981789473,268866.145086956,597722.607238096,751128.358897962,146992.376421052,231930.396888272,245023.809473684
"408.1/2895",46668.6269846929,1036989.34500001,105008.567956964,72358.0370616661,60225.0363153849,23672.9402535144,32036.9895972104,214166.177263157,71406.9421480357,179523.512380953,565354.697142858,31864.3947003632
"410.3/3937",980012.029555551,1319875.61499999,1375014.96194446,949318.774166662,899985.582105275,799401.791222231,137450.635499999,203674.389555555,223544.906842105,162703.804235293,96805.6962352934,113334.604941178
"411.2/3937",304741.631666665,426745.765000001,437071.768944449,304811.058736841,285571.595789477,275335.275052631,66325.4754444441,93226.870444444,86924.8391666663,76948.1576470583,56605.4872941173,68090.7327777786
"412.3/4113",3412993.59866665,2118700.86484213,1679362.23547368,655969.59873685,781156.103944441,594736.338105271,486799.443611109,251226.791444443,170220.572166671,109350.493055555,69618.1185555575,139796.487222222
"413.1/3629",778922.183619048,855168.641391303,665025.143999994,120558.373411764,156926.662315789,327900.843600005,389790.514285715,788643.537541671,676852.859428572,156450.918315791,282687.129272728,330997.879650005
"413.3/4113",991447.078611106,626592.406736831,495456.716277775,202687.288315792,230747.928444443,153659.525,151907.275058822,81420.9295555552,55949.776941177,33079.7956666665,25835.6138823532,36367.7439444443
"414.2/3060",252452.207454546,352227.449454546,188680.239012391,125159.006437499,95257.9694117657,276920.271772728,784648.344380953,192081.84,258999.619047619,219004.453782383,169402.106222221,640714.522826086
"416.1/2688",439237.663333332,508248.313677421,418352.632558826,224091.875873746,247070.045209222,263207.048766667,470797.966344828,408736.973156251,322456.686766664,195945.303000001,279465.510039105,239773.255592591
"420.2/3881",43630.6937757762,219521.540862139,120918.025812499,134225.502042735,45139.0413753697,22033.6106036668,45436.685213655,107860.665944446,260905.972833332,202773.7014,86008.6357015114,57341.0127848126
"421.1/2801",156029.947473684,39708.0722488022,67756.178506538,56473.107600045,30430.6994676573,22763.3999394759,140031.228888888,25872.837153593,92219.3735999999,61164.2886666664,41083.9316226435,41755.4702339559
"423.1/3256",236249.54685,255168.615619048,212710.776210526,180690.966857143,191746.741263157,152861.1861,32199.7518995085,16802.6533355174,35091.3543360691,26467.2341882686,50893.2091199888,39009.4610844402
"424.2/3424",24529.3118036197,23365.1053507667,46220.2517328101,961030.380333325,1348980.00208694,586789.618785714,26039.0264670169,5877.88963741015,1673201.43443479,1562709.029,1547095.93753846,834756.599791671
"426.1/3017",792979.175894747,843517.439699999,588996.111157893,282697.26285,231450.980000001,120684.850124999,821819.407949999,919600.63242105,386864.379157894,295901.813368425,318466.789473683,237842.66595
"426.2/3638",30832.9872675676,118644.483798634,486808.051267056,10283077.7122051,6937764.43830303,6091112.20855176,34668.2378979666,11438600.2957838,11182703.1035675,8906813.72746668,7670588.81383781,4852718.30571431
"427.2/3614",29235.3666416583,28862.0025147827,94424.1918682518,1779493.30460737,1855249.20373334,1754074.85903449,14520.9674687168,17542.1482120637,96227.7510261045,2456144.52082759,2210419.30021052,1393249.64742858
"429.2/3887",580907.655000002,238723.331368424,574589.749999994,488037.314666672,1374609.07978949,1573595.45733333,775416.810000001,3609938.72711109,767394.620000002,1220814.245,1236769.33466668,1448950.76222222
"429.2/4042",735571.874400005,381505.075949994,533925.613263165,464898.046111109,577865.125777784,530001.758117643,900888.43844444,508735.772470593,431114.830947367,194650.513411767,239813.65161111,430022.361176468
"430.1/2688",1911680.01791999,2124743.95496298,2487771.1712,3076213.27122579,2957369.11062068,3015873.97428571,2006604.23167999,1906550.55881483,2222892.7003871,2633887.04441379,2700539.93057143,3080688.13896297
"430.2/3885",47954.8738330603,61181.5784941557,193756.39,138737.402854043,443495.87535,536046.680333331,246396.73,1173060.44633333,263236.130000001,396414.500000001,422852.6199,479482.659263157
"430.2/4075",398260.315058828,278948.738526315,271827.72011111,164591.123294119,141065.362588237,149095.075764707,299915.342999999,78320.611058823,204156.773894736,105766.549411764,107525.543294117,114376.855764705
"431.1/2688",559442.450769229,796036.924965517,718791.792,910517.598374995,844283.422965514,847285.748964285,589107.861692306,533617.455461542,603054.767172414,757021.325666668,838407.270972977,922359.397206902
"433.2/3813",487331.827034478,518192.118709674,299830.377979312,264535.912122642,378265.466625001,178862.52235496,747277.232466669,304125.515385238,530128.939034483,235934.157137278,478209.627617646,555184.444733334
"436.2/3629",375812.224083335,703821.217388888,258360.7254,52293.2643727203,93147.2323157892,179091.58552381,383207.74155,292975.825000002,292767.7161,80397.4558888885,136055.395047619,141475.377176472
"438.2/3456",3472534.68000002,3562086.93818183,2785907.04254546,2003832.92869563,2084213.72800001,1943269.08092309,3299908.92000002,3440934.41709092,2944405.6389091,2185618.27826088,1841180.79533333,1891047.58527999
"438.3/4056",1688005.87,886542.592722218,972109.140000002,509452.014444442,466565.583684209,477464.549999998,167854.075,57270.5872941172,58441.795,49543.205,33212.7465882356,51898.1442352938
"439.2/3457",865853.723428572,875625.286095239,662970.166857144,505118.47133333,516781.091200003,523444.559392857,812861.000000006,839774.953500002,727318.884818184,529271.425565219,474139.061120003,460491.044959998
"439.3/4056",543352.35,290968.55561111,320746.750000001,172128.239444444,159371.110105263,162830.904499999,68979.4771764701,23103.2265882351,20089.905,21202.62,19392.7510588237,24422.4719999998
"440.2/3477",432281.500961542,476358.757074076,346995.081333335,249178.179235157,257958.53325,286073.00171155,452757.012639998,464760.712730768,369651.740192306,277043.008791668,269703.641440002,254998.71052174
"444.1/2687",348573.720782606,304396.915500002,238158.742719999,250968.947478262,214580.687384614,225079.871739131,352281.102782606,238866.837045455,116900.377904762,223410.559680001,176842.748952379,215947.035458334
"444.2/2898",166816.817999999,130090.624999998,47040.9357775393,61472.6789378577,46657.5606578589,35402.0884722873,336163.214315789,57292.6702852082,63147.4904705808,68933.9829722928,175244.66595,116502.289166666
"447.2/3867",1440194.37714286,4874466.86613332,3731989.11171428,2248041.6662069,1764225.35485713,1860855.21314286,1142399.91999999,4602424.45356524,4399067.99006897,2130744.37075862,2138575.29599999,2555248.61007408
"448.2/3872",480186.858666667,1342608.7284274,1132937.72244444,648951.079930583,530819.282986605,591727.546758621,506906.855619048,1432046.08581819,1418936.49706667,605838.029250772,620059.306674522,809465.563285718
"448.2/3404",0,1056.37535986773,15143.8049367453,1175355.33035294,1012971.60295455,604947.264136365,18971.1892263906,2892.43764637051,31487.3881423912,1098277.488,1078385.138,760159.83575
"449.1/3290",144480.635894739,154383.811314767,95314.6844210524,141505.046381901,83447.3649999999,163903.722666667,16023.715145148,15720.8309108407,19385.3168471518,27768.8285466781,35093.6240728468,29627.3427976207
"449.2/3498",10992.0884947635,8443.07628003879,423762.998720003,14126.7345822168,7232.96528886099,3102.95186953656,1677.41598148486,473966.172952381,517180.664423075,343257.411333333,11997.13942056,5618.89703471567
"450.2/3629",252000.344842108,212278.850736842,159501.000736842,74992.3791949756,76475.203814528,108497.896365784,394726.374095238,155877.715356407,181191.99386005,100065.235816535,72461.065,117198.569757262
"452.1/3078",2293581.68990476,1954888.43580953,1448580.318,824219.305318184,774503.242434786,724081.557333334,2491178.83733334,2724873.81527273,1266409.54514286,986976.639999993,867737.561318173,692466.389333334
"454.1/3291",12268923.9199999,10171632.072421,8239735.84505274,4480131.32631578,3948637.64126315,3703141.2176842,12986144.6399999,11904316.7595789,6945636.2076,5104758.15915788,4460650.86147367,3685764.04210525
"455.1/3291",2991215.79999997,2443696.61473684,1960040.24084213,1085377.07210526,949750.90842105,919907.362105261,3152523.47999997,2907910.08252631,1680693.702,1220496.1928421,1137137.70631579,968337.788315787
"456.2/3291",525963.634999994,461602.34685,358023.964105268,206175.170777777,204643.472526315,173109.45961111,584342.9403,527278.6035,328865.864736841,243418.173473684,248845.955000001,226419.504999998
"458.2/3044",347732.419047619,588548.105454547,270001.607727273,237943.184761905,263382.182608697,309530.794590906,1742958.73527273,292667.214000001,470208.722285715,311438.474181815,341058.368863637,1255857.24327273
"458.2/2943",36326.678799593,1203598.61638095,68910.9498088702,22751.8940786542,17387.7695447823,45451.2875813915,550533.033142858,217481.432380953,144399.42,85463.6130028157,86757.5522105261,142886.954117646
"459.2/3043",84714.5790804097,64522.1823527682,83828.7490241289,44636.4472039229,60598.4402172555,73559.2270135274,687933.67377272,62121.7988644117,129063.187809524,81036.7261922442,65977.7650000006,413227.812681819
"460.1/3455",130848.639217391,113363.41305,122720.2491,78778.3008091687,44309.0818521117,54961.5140509257,168004.342434783,107421.461333333,98293.0940952382,63810.3409493132,51056.3858756103,54373.2080247058
"461.2/3906",92721.427328875,379994.197439998,391032.229806453,243735.156666669,161873.608915098,150345.691713834,120863.212185606,213217.647636112,515938.210666667,236766.576714288,149290.044999999,275292.844714287
"462.2/3294",47614.1302949936,56064.5674381518,566169.970434785,80129.4948124992,70528.2900000001,949825.104999992,31852.2668397639,896643.627743588,904380.338181814,828449.181303031,803904.302400005,819482.187909082
"463.2/3044",224751.8592,303082.544093662,189566.203454394,132255.027550919,162460.956660007,207171.526095238,708094.49145,96589.7343529405,253796.152380953,141256.049749412,213874.512954546,513779.920956524
"464.2/3463",9624482.18209525,9579511.7104762,8022734.95439999,6292707.26654547,5782601.98539133,5812679.36909092,8298241.37752382,8508758.77180953,8752916.3824762,6446999.26509093,5184218.6629091,4972837.12254547
"465.2/3464",2655185.84685715,2583915.22945455,2123612.1108,1673537.35163637,1500152.90763637,1540065.50836364,2225149.45219048,2315741.41561905,2326307.97409524,1657923.072,1367031.61418182,1327832.63272728
"466.2/3698",3738130.26573915,3551395.16872728,3135583.8984,2367438.19709092,2793018.19600001,2518763.04181819,1963051.96034782,3910388.16000002,3098663.598,2508631.18628572,2447538.83054546,2389184.80545455
"466.1/3480",216196.925,165357.115733334,25669.0919056998,51796.163466666,23297.4156577671,0,670113.536363638,173603.619529411,0,0,0,0
"467.2/3697",986922.615913047,1099746.42296297,860519.056499999,662154.177545456,740599.629714286,685996.876190477,533336.667272725,1042023.17008696,857864.64152381,682214.386285715,674414.031454547,701362.548727275
"468.2/3131",254514.739722221,137734.11519182,341179.963428572,247267.46882911,301389.02565,293268.006947368,264905.970833336,296463.629473683,352944.19863636,254072.703034907,258240.22425,879724.129777774
"468.2/2936",267867.79665,2828119.34476191,193248.782496168,534910.739999995,100192.345794447,161054.035507942,224459.21355,397209.168455908,117318.167926774,101624.859610185,255051.26902764,190164.975171166
"473.2/2937",86935.9562105274,498129.037714286,58916.6695220394,112626.492952381,27666.933385287,39921.4769619972,39880.4517543592,68447.5396668155,44694.5913446472,9081.43973989299,53042.3667972154,18661.4674272044
"474.1/3077",262871.674818179,227134.372818182,190265.345523807,91880.6552924979,75807.9009548637,81765.6320000001,267902.633142857,276743.431909092,151437.0816,124798.661405364,91260.1286657721,57821.4465882349
"476.1/3290",815944.272094987,501276.116315788,705694.238421425,629727.343375886,250077.610000001,236637.256526315,813616.894999991,472520.208421051,571473.451275945,642261.573296389,266181.897894736,221330.125000001
"477.1/3289",197159.101632643,141188.82815134,160982.714030167,130562.487227104,69855.6814471981,68043.9115789472,150797.14,124660.7871,129502.541724301,129794.055934015,70811.6321964163,59236.1534117643
"478.1/3164",211280.646937502,347087.264999996,202012.549200001,105181.73310514,204349.262421052,101792.777468927,330970.974352945,361389.20865,0,82893.6433482094,87351.8191433267,118291.367361805
"478.2/3628",1369781.95560002,1224491.9976,1694280.04571429,1268675.59619048,1376508.97890909,1760947.01714286,1870118.0952381,972088.795000004,1865883.6252,1180443.34995,1489173.18654546,1450420.6992
"479.2/3628",454970.088750006,428987.876571429,570663.015619048,403231.890285715,451095.017818183,554518.123200008,620010.65904762,345749.190000002,627057.639619048,393566.1456,489646.10809091,508116.563809524
"480.2/3321",42230618.1982608,40615554.4820871,34709483.6869562,24831778.5933914,24423707.2465455,22059398.9585455,43470430.4373333,45089228.949333,35235910.0215649,24908899.6507827,25487175.2378182,20970591.2232728
"481.2/3321",10921240.1864348,10828009.3066667,8944328.68945457,6564554.42086959,6360075.4298182,5756178.25018183,11197391.888,11492653.3706666,9045799.24591297,6573155.42191307,6630787.52690911,5581303.96945456
"482.2/3604",7209760.65828562,7566667.90400002,7111090.85636356,4489166.0109091,4661342.12266667,3662907.56981814,4724676.26189473,7207719.96038096,6482971.73333334,5271047.57028572,4629567.32952381,4094547.07272728
"482.1/3322",711236.16,483309.560000001,1307319.4728421,1097674.49362407,1071780.65155713,958808.382789613,2016689.32933333,1835410.08293515,1500647.26947056,1089282.56836631,1135515.69413747,978227.355023844
"483.2/3606",1910356.15085712,2037483.18072728,1856083.60228572,1183593.90218182,1225570.54780952,993675.71340908,1335002.5068,1926872.19345455,1750445.47781819,1396114.72945455,1237338.98971429,1124263.34545455
"483.3/3747",30070.5586358626,994333.129052629,118948.048941178,46604.4826404351,37268.5683909712,29061.7774276514,6858.8232391395,353002.216235292,144336.660736844,58448.3363177305,53875.2975858082,122122.004666666
"484.2/3611",369011.076571424,386938.141272728,361278.646857143,236337.870500001,241059.338363637,186950.491950003,285351.852190476,362164.409904762,324952.972190476,261192.47859091,234621.99885,220221.96859091
"486.2/3464",300614.063217392,317441.045956525,333286.343619048,271452.663391305,187876.377833332,190974.995333334,281818.935391305,252367.699909092,311629.398636364,260242.879826088,176497.753760001,114901.56568421
"486.2/2801",252488.136666665,51788.2258918072,214907.560777777,309458.405000001,109864.000105265,85280.0825555565,266156.361444443,75710.4472777774,202150.133666666,321050.517578947,152254.217142857,103425.613388888
"488.2/2882",268054.639055554,197835.951473684,49654.9988964357,90415.2500586512,59103.1422623406,28019.923066607,533143.139578946,47456.6097012943,73029.6417024501,125124.619515141,226005.728,188903.231894736
"491.2/3397",432037.001363632,332159.07255,386966.75145,334951.452952381,294816.23565,373577.607619048,5731.18952454074,12339.6847357646,26481.5438712175,33192.9090115135,8881.3787651119,6453.54863653932
"491.3/3541",2260.36049169723,323345.27415,20270.3485550887,83150.7791788941,11775.3581508707,14212.8185882479,16491.5163164807,90206.6962105261,54033.6533704268,48116.1514336826,77926.4086111107,85355.3593684208
"492.2/3666",606211.91457143,598203.047619048,530440.60952381,334754.268952377,407576.761818177,418373.733,260732.266710738,554774.054095239,485690.796190477,388397.11575,374965.720380953,417547.087227274
"493.2/3669",668974.061625002,669101.855739133,485466.241600003,228960.00975,270604.115227273,118918.315058823,59884.4953632149,175815.577052631,116930.350905248,89285.1155711146,64232.3121268191,110963.039861786
"494.2/3430",1529021.07428572,1125753.18218182,717880.643954547,361248.287943988,413482.328380953,499798.0815,1526066.44419048,1664767.01495652,677867.961916662,343220.91069486,516888.836818176,405339.695000002
"494.2/3128",484938.065789472,356209.725428389,423997.450315795,375367.34205,400462.88025,439382.290285715,512972.532947367,379693.449540153,385146.108000004,377995.116166665,323736.155117956,506474.703913039
"495.2/3434",438350.31975,251722.424999997,31866.9305088107,0,0,133064.344842105,433586.61195,469348.195000002,22377.1581659729,0,76661.5933124993,100981.170166666
"496.2/3350",10456652.8067368,11334525.6825263,11392015.5890526,9642980.33178945,7713099.75663168,5670430.29473683,11675659.1696842,11292259.584,10633729.7313684,8746891.46863156,7456648.72079999,7534107.48599999
"496.2/3421",29480297.5207619,30735807.4298179,29850978.4015238,26861430.6821815,25710357.7043476,18547364.9127619,31551042.5112381,27912140.1173334,29330262.4060953,26793724.4887273,24983717.0921737,24343011.3725218
"497.2/3424",8063598.67733334,8286158.88618173,8014609.40800001,7258384.37818174,6992526.21078255,4970789.54666667,8397284.08380953,7664673.53600001,8015786.25219048,7276387.61527275,6723616.60173907,6522580.3098182
"497.2/3350",2875709.72547368,3042307.76252631,3068949.42652631,2682532.62231578,2123570.98105266,1572471.63536842,3225456.68294736,3105744.46905262,2885737.90821052,2335777.84421052,2071029.7908,2044513.278
"498.2/3368",193760.828526315,643532.4792,851085.537899999,721769.02455,610146.043136365,454487.839272728,272313.8196,656610.76635,708213.42765,641035.794285715,588030.240000006,528592.400761898
"499.2/3418",230905.2426,216300.192500001,190009.779999998,236429.694346153,149785.807473684,166025.798095238,251453.418666667,225829.200727273,192221.801863637,204131.600041665,178856.842666664,89577.9677888285
"499.2/3335",117819.587557436,107561.997813212,134033.661954544,226783.50933333,96453.3578749991,65744.7437647054,121800.936705882,153136.073666666,117807.320820468,133393.654057202,114190.627764707,98723.1955488331
"500.2/2801",235322.261055554,58571.2502064859,124907.605777777,143302.355,52796.5609363832,29692.0097960539,214982.678111114,48591.0105287663,126973.332444446,134956.114055555,78508.7146315799,47159.0813923305
"500.1/3047",190889.150105263,173685.68368421,127081.130000001,76705.9769735572,69796.0666205899,55444.9476586231,193711.004999998,242104.0248,126633.540000001,86886.6886357042,79307.0392000039,69190.4193209877
"502.1/3169",16972821.72,15739987.3076362,12729848.4906667,8332544.13890911,8505189.92436366,7657925.46133334,16450453.9296,17052646.1410907,12650641.8385455,8848866.46218184,8794519.07657144,7132401.93219048
"503.1/3169",4810844.094,4456402.12254541,3582621.2556,2355995.24945455,2417541.78181819,2180178.98057143,4778155.4184,4937143.63927267,3627364.32218183,2493545.04533334,2494471.49714286,2035940.44952381
"504.1/3261",5356955.06799997,4880156.91284209,3711291.46357894,2088344.3976,1771182.39242105,1663514.01347368,5937698.26610525,6314197.662,3232523.1612,2281405.3128421,1958691.40000001,1564183.67410526
"505.2/3261",1490180.44294736,1430487.09052631,1069985.81473684,591917.2983,515065.7337,474590.633789472,1665003.84336842,1773914.6436,916982.452499999,636337.333999998,552504.470000002,448829.22495
"505.4/3740",98120.0163125008,1429718.26999998,121434.740470587,126013.758352942,25072.3417332326,35018.3411067401,19988.8256509565,623460.94705263,206049.975222221,81071.9469444454,147567.693176472,171960.790388888
"506.2/3395",4958426.50300003,4287224.27636365,4287024.03,2358940.3429565,2029890.83647999,1957167.72088888,5639064.18688004,5791283.31054547,3723910.6072381,2558315.8038261,2439061.41599999,1903921.42103703
"507.2/3395",1492306.70766667,1282636.74545455,1250595.3636,721120.280333337,640276.426962962,599263.949107142,1603957.09500001,1717794.26618182,1075706.01295238,748842.650347829,699999.471346151,446090.856521735
"508.2/3529",40421850.4236523,37407862.5840002,31180104.285091,20421455.6827827,20618865.558261,18146962.5163637,43677357.5372798,45173155.9910401,31509861.220174,21518577.842087,21911294.2914783,17120652.8058182
"508.1/3367",184972.176111245,159618.43310958,0,324339.056980392,666645.22575,239634.065132217,321721.879999999,137559.571187501,104371.247771133,67382.8482601435,288185.359999998,339151.26915
"508.3/3845",2203.66822262508,2015836.23777777,0,68869.5495152409,0,0,18294.8590121139,195328.718933335,165662.93627774,60654.3584721401,206123.097176473,154591.760842105
"509.2/3529",11501353.7446957,10457527.3306667,8806212.06109093,5722394.97808698,5919454.30330437,5185408.02836365,12222713.1903999,12705948.54144,8890655.71617395,6101089.4170435,6293691.74608698,4981963.93745456
"510.2/3777",1800050.55026088,8684160.76,6453425.43238096,1874392.24486957,2452518.25371429,2067843.2989091,2384322.97727999,13562012.168348,4418648.47930431,2924411.77963633,2717762.66181819,2239913.18109089
"510.2/3530",3214977.52055173,2020655.66142055,1622300.8951868,1053566.63161905,1168207.26909091,1113472.82504348,3173146.62514289,77743.1477647067,1679477.54121092,1178809.77066667,1244176.42254546,1030136.02440909
"511.2/3778",540843.340166663,2459948.84533333,1873350.748,526870.116909092,727804.020727265,589466.733772729,703755.379038459,3944795.242087,1254268.83339129,837436.404000003,755977.897409093,675114.418695646
"512.3/2925",321916.964571429,2744626.00533334,237653.668571426,592109.12304762,85406.8368433314,174057.133714286,269403.422476191,491984.355000003,128658.994438407,81622.6488327825,278263.002772728,173740.703700481
"513.3/3532",12279.9041676737,461814.317714286,9722.00026923094,75865.0401250007,14472.2480778613,34261.7853915653,21993.7237255068,42540.5941527208,20101.4373941496,64899.9323157893,51812.4549999999,69830.6411250006
"515.3/3423",49710.9008945578,77974.5758750007,72152.7599999994,185065.980947368,72267.418588236,56627.96,32797.1437381873,61037.2573125005,71557.6429512541,164627.768315789,83377.2658947366,64064.8744411586
"517.2/2924",73778.0027999999,428335.291428572,53816.9750526314,91781.1875999999,18046.4708290422,27828.8782336224,7108.63420741898,41849.665,21642.1318267915,19522.0372073594,47460.1236392108,19223.1640756863
"518.2/3423",901301.459809525,1211914.85008695,1259788.4090909,1089064.38781817,833408.718409093,551554.74536842,861712.009565221,896020.551391308,1159243.20945455,1015156.2795,715896.856380953,671744.854857143
"519/3733",21337.465616401,697415.664842103,33276.7855346711,32680.5952544258,3868.25604312325,0,59405.8349999999,170072.220210526,50652.3320625004,10258.1408691356,64339.5609444441,29888.4673691297
"519.2/3421",277928.102500001,333393.221499996,354629.164190472,304954.867499997,219875.80952381,164113.1766,266616.611045455,264078.893958335,325307.042181817,297117.164190476,207378.099809524,207513.474999999
"520.2/3244",747573.961111108,719630.820000003,752952.51705263,648773.970736841,720775.2813,735121.50673684,625703.516631577,764567.27715,748703.378999999,836165.463473682,525815.37525,782454.65565
"520.3/4137",143201.918785712,235753.165,247336.148400002,27029.446285715,29406.5727857138,43353.3481333336,140358.870666668,189084.865,159786.378499998,46879.1429333336,23626.8049999998,64675.5648000004
"521.2/3226",316419.24711111,261307.086842109,237604.393999999,213463.87485,204511.070000001,215915.788421052,240531.96111111,234954.499111114,242881.396526315,271299.732,172363.593,240587.18368421
"522.2/3377",22194546.5664,20649659.3432381,18430053.0816,16060743.8208,15307287.5032381,15197916.1112381,20005018.7616,21061905.3592381,17660648.544,15535817.6000001,15064828.3578182,15038666.5569524
"522.2/3442",15355128.9600001,14282159.3664,13919591.7504,11862489.2830476,11132861.282909,12099260.3184762,14903707.8400001,13781715.5200001,13786704.6521905,10886944.0032,10673526.1013333,9671555.9497143
"522.3/3552",0,0,48798.5498254405,19504.6680489129,90945.278208741,132886.620486017,79636.5395000007,0,249009.812325867,219206.263138025,378980.399999999,129495.448249999
"523.2/3376",6247155.204,6052296.83809524,5345230.7004,4665992.322,4483000.14933334,4504684.12952381,5820624.9516,6056778.86171429,5103402.1068,4667326.50057143,4297290.06400001,4458849.80419048
"523.2/3443",4490686.12000003,4390354.96838096,4056525.6744,3472353.90171429,3249434.05927269,3543390.22019048,4369192.04000003,4146010.52000003,4063380.07771429,3365962.17904762,3170222.32000001,2805897.02095238
"524.2/3712",30259398.3610432,24143626.3013335,25558248.4773332,18530208.3973332,21509131.8572309,13700836.6899199,21262920.3626667,25771082.8106668,2742565.67152944,20685193.5813334,20468695.3476922,18468259.40736
"525.2/3720",8969329.21043471,7119784.19733337,7592426.65333328,5497723.6643333,6413462.77846159,4142023.45087998,6306344.94780953,7645209.56800004,6654378.1086667,6222587.32500003,6040801.61723075,5435342.74080001
"526.1/3177",18285754.9531429,18101290.8829091,15464033.1337143,11084285.0938182,10534823.2930909,8653660.84266667,20886730.8495238,22176009.8170436,15196914.5417143,10999952.8232728,10564970.5774546,8877836.9007273
"526.2/3725",1989462.67099999,1499603.93739131,1692971.92499999,1144360.13166666,1272025.77784616,856630.934719996,1413279.15090909,722413.845077952,727147.06175625,348467.763000003,525746.536609942,1105647.2784
"527.1/3178",5493533.72038096,5331955.51695239,4631745.7432381,3393948.22181819,3218986.30363637,2575172.96152381,6069048.08838096,6651031.77890911,4593730.01381819,3368800.52660871,3262003.77418183,2696804.79054546
"527.3/3732",103279.615250001,1883395.37852631,428401.611954547,319426.63935,35356.4968699242,109165.345187499,48458.2654019179,819568.590000002,404886.313052637,187919.70009844,250290.431999998,204578.927444443
"528.1/3239",2292681.1697778,1942208.73155555,1475902.28329413,819135.085000002,678049.888235289,660516.074999991,2531824.4329412,2619153.61999999,1268856.95555557,905672.473611107,813021.502722232,578212.900941182
"529.1/3242",700840.025166675,604379.543789472,454402.57976471,257960.515000001,211251.850555555,196928.644999997,758088.822833342,815044.975888885,403583.522777782,309385.399894736,234562.773176473,183695.603584009
"530.2/3354",20771850.8251429,17944520.216381,15174656.6112,9541865.21600001,9300900.10819048,9471327.79199999,21616404.1454546,22168870.6589091,14164274.8128,9985522.95619049,9767005.52533334,8308318.09852629
"531.2/3354",6444674.21866667,5629492.0498182,4627131.4836,2924720.72533334,2830861.14133334,2927312.28647619,6551976.41600002,6749949.4258182,4340520.2808,3008564.61409524,2934544.1616,2580990.6576
"532.2/3488",3416165.85142857,2821638.08472728,2683680.02,1201967.39080001,862777.380807689,669078.176000001,5061891.10776473,4887450.44266665,2196042.66580645,1109154.82900001,972781.6687826,613506.000545456
"532.2/3353",1473748.99454546,1218999.43381819,960732.194699999,631348.73904762,580965.7782,595262.502095239,1425010.05018182,1402574.86181819,915863.513249999,624894.875428572,618906.426,538391.31345
"532.3/3729",72954.8389857273,1005711.86136842,23259.555057291,34545.728787346,159190.235,18349.4456998791,70600.280000001,191150.496315789,49853.9128657479,20689.6244417967,50009.1074651044,367478.689499998
"533.2/3489",1058079.95428572,892119.553136366,835934.286424243,415531.059290322,278404.522541665,242518.182260871,1563205.30141177,1526934.67345454,661848.774580644,437741.71739394,316320.333041665,195398.824011664
"533.3/3897",20487.6490403641,72409.2441794897,222776.184999997,162992.737643195,152282.325,208432.560600003,5628.00466013749,34242.35628847,10392.0291977699,10616.5609411766,12639.0768753948,30077.7848732282
"534.2/3590",2558524.59999997,2094532.26666667,1856769.3564,786136.614095239,670008.3033,634951.85835,2168827.07999998,2761014.18666663,1391468.01980951,853520.600099999,766481.211,556165.080315788
"534.3/3862",227348.11125,1598952.50307694,1040000.89007998,932904.800633381,1145940.85542858,1197762.00827586,122926.129411766,1097981.36774194,1153315.10518519,953893.222774196,1171077.8882963,1371976.81896297
"535.2/3590",866274.449999991,663227.37495,594251.20442106,272570.886095238,210969.34455,216769.379047619,704656.2963,882645.884549999,435525.585,280536.0669,251104.05225,108871.136937501
"535.3/3860",76149.6911294419,593400.319376589,432659.756689655,318793.097071656,352808.897583333,455217.503999996,75232.1687047612,351541.628675236,461554.875070228,342540.787917641,479934.61458621,526349.357538463
"535.4/3520",431006.044277776,839619.298499996,51407.1199999999,161630.59211111,32100.824834676,26605.8438309968,449265.605793104,233339.476444443,106074.389401795,46040.7350000007,88443.3057653914,111772.793647058
"536/3926",3175.38500000001,5075.11483333331,480678.945888887,210974.0394,139962.8682,14369.3198888888,1524.31,11613.4527222222,25003.1173888888,379791.672388893,97716.6960555567,16471.625
"536.2/3714",7608849.498,6678458.21634777,5219486.47854547,1914597.3888,2338714.91657143,2237706.63009524,4689884.35200006,11134563.9534544,3746025.43563637,2421430.60000001,2594298.9924,1948250.0736
"536.2/3571",533762.158624063,91729.8531428576,1087689.83873371,713206.124727275,876371.415545457,681516.655826081,463100.47013447,998479.308938063,65020.1759999995,920010.46552381,1003120.21409091,422451.22381031
"537.1/3928",5186.41,4979.64282352938,249568.994117645,110203.593684212,68842.0347368419,8397.49188888885,4283.40500000001,12816.8949999999,20762.0745882352,222341.046888891,45068.87,15970.825
"537.2/3571",114744.047642619,207737.699987086,287070.210043473,194375.737226865,261179.597714286,162340.39916122,107294.875987581,279336.0962942,211227.206105266,284329.938285715,304740.047238096,110334.575309717
"537.2/3716",2370711.456,2162158.95299999,1564902.30247619,591917.2983,712216.088380953,686987.49104762,1448402.60800002,3435601.05199996,1133252.44436364,742767.780000004,814693.865142858,638223.574857143
"538.2/3501",58161.7238786516,160652.166352943,245668.567789473,121245.382588234,65414.9961734096,54017.0438102949,67876.7297725123,100844.413539022,254784.81465,251234.616166665,74072.7792836918,37144.9761398029
"538.1/3931",100817.3,246050.414947368,243435.387894736,101693.219888888,0,0,191859.61,14433.995,5901.37931250005,163954.534611113,13468.39,0
"538.2/3721",517751.975619048,312606.58725,247527.262777777,127253.592486796,118907.454174585,129139.028749943,319601.913750004,702854.837999994,142604.347861993,161334.723401556,101411.529888888,130078.847520737
"538.3/4137",158885.632928569,222258.169999998,218424.005066668,11884.0258461539,33739.7415384601,40677.0455384616,163577.288785718,194925.445000007,90577.0175625024,39805.3833846155,27875.7800000003,73118.3650000009
"541/3728",27220.6658855941,592624.116833331,48210.3698207277,36663.1184571814,24791.4267983471,19777.3981737408,121987.419444444,155577.386999999,23665.198754645,0,81448.8600000001,39050.6666718267
"544.2/3212",3224455.11663157,2828155.31999997,2788004.86577781,2437816.512,2267362.15800003,2387387.5632,3111678.74947368,3239416.01347368,2669599.89726315,2259496.92000001,1798415.5008,2071922.28000001
"544.1/3389",104050.170461539,15166.1054635434,143469.958133334,32368.2375172219,60093.4400000004,0,253294.556315789,82641.4176752785,85090.1201333323,49123.7849999998,35619.639596747,0
"545.2/3209",1037062.452,938167.419999992,921066.988105261,777892.826399999,704007.223157904,749653.607999998,1004782.28263158,1073899.989,852403.357368419,725975.330000002,614618.463,660894.805000004
"546.2/3206",1015901.37705,714817.51665,613978.930947367,448313.029999997,335403.216570262,339527.053769626,931739.930999999,837420.394499999,575493.14805,442341.615238096,72266.8364999989,279448.670842098
"546.2/3699",581063.872222229,738016.33545,673244.227039997,594184.596923075,56687.1080455104,28712.096892041,48933.0790582528,1056710.36621052,322568.811100038,583751.529703702,63065.928360621,46842.767553431
"546.3/3015",476299.516952381,1160606.24457143,390512.428192921,246063.55017392,299907.942990721,529252.810666667,4004713.14285715,167685.011999999,995331.623619049,558458.724409092,656805.162909093,3130259.64072728
"547.2/3015",181119.237784574,410589.817826089,148965.201505363,86906.282737865,104992.926390261,175559.730818182,1317802.58133333,103917.013840939,328355.485090908,184693.038782609,224353.44859091,1041625.92068182
"548.1/3182",758915.778600001,769992.376153843,738224.254565216,641591.346079997,600716.74638462,515862.459679997,655735.428122774,636919.28840053,668067.419478263,596320.590600001,451062.4086,502825.272230773
"549.1/3179",172780.441555709,174170.528262827,220591.150363636,115337.659269063,162508.215130435,102376.88682353,158620.043119354,146829.276974371,151115.622968977,105365.669451726,93318.4039649327,119571.684887949
"549.4/3728",216157.257138246,2105563.89244443,221688.51,270311.288944448,33018.4406831631,35078.9944487876,258179.482417704,908156.04044444,310674.916526315,126904.209882352,237993.124235292,51158.5050432626
"549.3/4128",602193.220000001,364330.021277776,287086.9476,84539.8638333329,109779.49294737,161123.550111116,944461.186611107,413365.893,207236.20311111,77228.2821176478,79247.2217222218,165243.654999998
"550.2/3656",6553123.20842104,7051389.93094735,5451625.61347367,2395663.0188,609086.194499994,2995936.46218183,3360936.6984,7089625.28000003,5451722.418,3362932.4312381,3277277.73054542,1102907.70707693
"551.2/3656",2174851.17642105,2279251.94526315,1768703.51578947,1159191.52761905,149947.616437501,1001138.98163637,1053232.48,2310002.60000001,1760017.8876,1101438.52495238,1082383.66476191,435906.158785716
"552.1/3359",373539.000454546,240018.337573913,281164.003549039,148608.398634051,237708.441904762,333635.824315789,227657.951130283,106824.841350628,478935.559181819,41618.9555264577,80863.4504999992,179348.889022058
"552.2/4056",117575.560384615,138982.532640001,1089588.82153846,1178731.1,1390504.98933333,283124.462823527,152028.188653847,129996.660115386,1181370.68584616,1383960.23142858,801089.277136366,889999.039727263
"552.3/3830",496456.078421051,3343973.28888893,203876.80590358,115731.742452271,136027.105780573,89971.3477290098,568338.805894744,442038.506000004,224313.793898594,133812.113061805,331846.08255,387465.318947367
"554.1/3213",212867.765921046,125869.783764707,457554.355000003,389644.3809,323073.464380953,203635.98885,217109.426473167,347643.216761905,163733.183892804,408094.095000002,369031.420952381,166970.182555555
"554.2/3342",368484.072315789,191196.934352557,247829.938978716,190255.059032448,119312.285630153,133256.238579237,394694.056000001,239440.077263161,218758.889055555,176092.525642007,129583.480701493,116095.330523938
"555.1/3213",79040.7885488933,72819.7731440012,191690.590000001,151345.354883046,56323.5156000004,76895.5001904763,73128.0433064105,214823.935416667,59313.0490438819,156560.296226609,147515.541333333,62530.257613101
"556.2/3445",329320.25325,228418.884571429,150507.5013,73375.4912365458,44399.5430310532,21881.7295525103,352191.9975,356716.810666667,131580.377048104,58424.2235659942,47089.4254184535,32622.6937029418
"556.3/2914",297420.425000001,2346051.4133333,227810.118095238,563493.968761905,56475.5971764702,174975.49455,237945.078818182,523208.964571429,124019.990000001,66281.2978429901,239761.659428572,175456.311666845
"557.3/2913",198372.728421052,758154.11205,72320.020664173,195362.395428572,28687.8895456414,61752.7077777785,99118.679294117,170070.94125,38983.261973425,22313.4484068724,94147.400370014,69118.9644411489
"557.4/3513",164180.723000001,1176247.34682352,120797.525625001,228162.163764704,6142.29530889898,56760.4164705878,138021.227749999,319202.61670588,116473.876941176,70883.5449999999,90184.430117648,76718.3854862422
"558.2/3532",478131.776347828,376766.980571429,319508.502857143,237221.741714286,207943.335227273,196542.0705,462254.262583336,433107.430272728,338304.048863637,232198.858956523,194246.235000001,188117.94465
"558.2/3389",80939.5260548306,87755.354746879,314872.10536842,219182.535619048,252868.135619048,165063.10125,55212.2927465608,235864.56915,129307.012773242,275705.066250004,310054.62552381,159092.817
"559.2/3391",22931.4567560702,34429.8879050973,106633.749499999,86501.177904762,84898.7840909093,49436.5343910396,27691.0330145017,87921.8730526314,46432.9580553746,93621.5688000013,99975.5561818184,45529.939347445
"559.2/3534",153144.675047619,90341.9854985729,83968.4837647053,60610.4115789481,37068.7961396009,58184.6344444442,140376.015,153221.357714286,121371.908499999,62086.0409444442,45637.2861272743,30003.6850873191
"560.2/3646",338370.3591,279364.344380953,177430.9011,77880.6600000005,46138.7831464854,40943.7530648524,109864.02253869,346637.98995,146659.28925,85325.7688499999,57303.2532438773,22871.7511624492
"561.2/3646",111999.943999999,72766.4638749993,68762.2224210535,21928.7553778928,28172.1299163055,18220.7787812308,30649.29528007,131454.23505,40907.7930250018,25822.9337933033,25846.8631455309,13025.4385200985
"562.2/3432",163595.427047619,27838.477480462,22226.954230453,34235.2139897519,139936.26405,147471.722666665,131295.954315789,83198.976101506,13555.3751576811,42444.7091296183,66838.6376470584,144061.47225
"563/3719",35171.3089523857,532369.060888886,59220.5040000006,51757.2995294114,6381.45841367709,1261.21943782357,100043.559529413,151826.498842105,80414.3950000002,14623.1562207814,78597.7697777774,49261.5049999999
"564.2/3462",495463.923809517,528828.542869567,403730.49585,310207.5189,373670.928521741,319110.653750002,483380.926476184,561867.1284,531539.640333331,483456.8736,364380.949730772,389258.968863637
"564.4/4139",111180.688666667,218525.645000008,227250.834124998,24807.3232000002,50245.5663529417,75596.048470589,104532.851866667,148000.834187504,201694.313647061,48749.238266667,18582.0183999994,98766.5675294094
"564.3/3877",100565.730772446,215786.330392132,389919.8121,154809.270028188,155622.774545495,151447.189713036,231250.27561111,633756.23655,278991.885714286,191064.727968982,163477.35847011,132856.094106322
"565.2/3460",179734.780952381,117170.520444444,145338.47145,122022.2814,92879.2588235288,76325.8880183557,164572.995157894,200163.3648,214969.35675,172161.249599999,90474.5434607151,83077.8370624992
"566.2/3581",721879.102818174,159284.582944532,330110.363739132,398129.634000002,864560.703590911,731744.782458337,759720.627,695894.597545456,344389.680761905,557875.850869571,627906.712272729,632278.428782603
"567.2/3580",268941.35235,66047.6776519522,90979.3007189432,103417.31969664,274791.93359091,219015.665217392,209491.102691158,224521.81155,87612.3856027595,190798.994285714,183673.766095238,144200.510315789
"568.2/3214",3513594.79242104,3382320.1752,3575867.17810525,3206214.09010526,2520927.03999998,2351740.30736841,4441771.33642104,5160645.55957893,3776656.18526315,2387020.4808421,1723110.1068,2083724.6652
"568.3/3619",327279.961555559,1822905.46789473,181116.053789476,118455.561157894,166357.035157894,104334.628235293,168149.284076107,245649.788421052,228253.684999997,99104.8017777773,296017.619473683,550424.853368428
"569.2/3217",1176918.66842105,1169376.02355,1238845.20073684,1084157.97810526,885024.390095227,769184.151157893,1498906.58947368,1718575.12168421,1305691.92757894,844783.484249999,590152.0347,704089.7844
"569.3/3619",135591.481499999,613761.403263156,81690.2526315787,48106.0021118391,63009.3581666664,43501.0618390101,66400.2885414054,78086.0329444453,93720.1606499999,55945.5728871102,117895.089722222,191801.156055558
"569.8/2920",1132.18535984324,638431.71352381,623133.87305263,157088.439999999,0,4374.73627524757,0,0,110686.955611111,0,2267.36766646288,0
"570.2/3211",205973.943875002,232350.855,354455.884105262,725809.896000001,474538.592423081,154042.176499999,349524.734947368,363812.704421052,335290.548570869,301688.651249997,253018.245000001,66850.4700106899
"570.1/3103",1108794.94452633,1107333.5808,124665.397582011,11399.5586270043,4487.37602169058,0,1485427.06575,2055392.8104,963487.972571429,14730.9955210653,6667.87976602613,1392.8659479812
"570.4/3514",189817.529124998,0,26816.6778221596,45978.3793293613,103484.865176472,58610.3661031442,80854.2508235302,11276.7800064042,35875.7800551967,8532.48133768664,99991.9164705875,923648.626588245
"571.1/3108",371991.7449,358175.763999999,259075.998080002,2310.44585401115,6643.51875989213,8382.58943175321,485556.219999999,662069.31195,326378.643809524,6025.38162953077,13766.1991276629,15512.492864007
"571.4/3720",172301.948277777,2219742.2391111,264564.815,259821.466333332,37257.9736108432,86854.0312500007,83754.0868235288,814670.817882361,304004.38,173383.324888888,242164.970000001,85536.6399999999
"572.2/3672",212129.490000001,1007070.94588235,187286.9562,24707.2767756376,77638.2967058831,93593.067444444,3156.73385591765,1304439.09738888,89170.5396385467,15357.9547257682,19760.7607430206,156074.319999998
"572.2/3403",323601.381789473,322391.07511111,369754.118722226,274460.310000001,278056.718526315,328882.464666665,308131.285000001,415906.672421052,337915.324000004,314015.492444448,283351.970999999,287626.655000001
"572.8/2920",0,181887.232999999,172153.8897,237799.538045455,0,0,0,0,752.445195170057,0,0,0
"573.2/3404",109852.840222222,91387.8609733274,105593.061444446,90522.7300000001,106757.579578947,114065.883789473,104338.55,143399.257263158,121220.596666668,85290.8590588244,104508.92595,105759.143157894
"575.4/4126",351862.939058827,366191.424421057,125848.775619046,20397.5583,35083.0491,39668.2858947361,533351.845999997,394006.496000006,126529.529904764,29763.7339999995,18194.1087,41726.1916842111
"576.3/2860",313926.290611115,379595.198631578,42271.2561262312,54075.2741603763,67902.7584386183,45177.785144345,588883.899611118,143282.12715,110578.974444446,97970.4001052629,365961.164999996,298524.107388887
"576.4/3718",22610.7654032147,635178.086166664,50934.8053131463,34873.1491764703,54137.6881111109,38563.337676786,15048.402465583,110628.561749999,18008.3379317205,11107.2859061845,38465.0459834763,4732.54109445019
"578.3/3941",73032.0601153843,2081580.34971427,501358.903269235,326465.061576922,161934.395192307,257209.574055559,47942.6403703708,147151.549740741,622064.952962962,327745.200115387,144245.219692308,94523.7629629628
"578.3/3841",2033592.76715789,966805.683679995,589139.519291663,242965.717113897,160041.56041107,44221.9804344359,1949132.04577777,986891.316782613,534009.167125003,400878.161708335,162773.890304066,117842.507180803
"579.1/2791",1602404.51961113,852780.481277774,1279959.498,401807.172300006,970436.155000004,701159.27383333,1757125.88200002,876060.395000002,707584.31775,450329.132190477,659396.37735,707023.180000003
"579.4/3510",220875.07085715,1572160.40327777,187855.538823531,352386.355,72984.4504210524,55002.307639034,183978.408777048,349901.245749997,190138.788000002,96021.4351249991,154232.777647058,247472.489722221
"580.1/2792",549471.191294123,325727.536666665,469956.824631578,137943.916499422,351453.615000002,260395.800944443,637791.543388896,322001.880000001,250390.43505,148151.843786111,171472.527722221,261686.780000001
"580.2/3389",375029.31285,150272.047361474,212356.598727275,110686.806686544,630636.789391307,283133.502109505,571668.41025,407624.711619048,302588.656227274,457511.909217393,541321.228960003,537119.311359997
"580.2/3581",421946.51385,131434.481005279,178092.191842034,237191.64675,539466.436045456,426974.373409092,469043.6841,421423.82055,133994.776516173,379293.338318183,402913.197272728,400313.807772723
"584.2/3375",182064.71805,131103.442752052,24397.8704431993,15271.2269170298,25510.539543578,7760.38070088545,142677.549944446,106202.843496035,177368.3031,22815.1587351917,16247.2770967208,215198.640444443
"584.4/3505",9730.22306740792,279786.005000001,35657.1009375003,48589.7444375004,0,6348.26522278046,31125.656959691,30981.0676874997,14862.0584120067,0,38861.5488468355,0
"585/3715",46080.501175843,420505.267055554,41395.6457091051,67678.425,8862.9627764069,4616.17786278311,33273.2870299146,117488.204166666,88232.9484705876,23123.1419977842,47924.758588235,2368.14645939001
"590.2/3213",70909.0496470583,279821.979157894,204573.049894736,199358.9805,107220.548759041,180332.3184,105843.4253889,262258.574842105,196557.389473684,139367.952842105,63723.8863539955,74730.0905418183
"590.3/3003",463223.63505,1450836.05333333,388183.845090905,211669.199238095,285201.616761905,558531.504761905,4560396.43428572,269910.467047619,1110252.33676191,558365.619809524,767925.730173906,3588515.89054546
"591.3/3003",175453.071238095,523337.290666667,138598.442666667,72627.7645499999,106684.651043477,191229.356190476,1576633.18552381,98015.9483999999,404658.121590905,199088.547047619,264940.879304346,1287256.49127273
"592.1/3108",173415.2394,151219.299263158,101071.024363637,9810.67920588687,4679.27621298061,7300.36652466593,222796.861999999,219072.287263157,132374.42565,7224.73916454151,6991.05765692315,13380.9003162046
"592.2/3676",0,58799.2748209545,52119.2675717192,68657.0167740611,235165.394285715,198975.665000001,41190.7183816461,281505.940000002,20840.3262909667,36278.3811250003,70667.7086066802,162015.230117646
"592.4/3509",228098.477499999,0,26920.655040289,2509.40365693312,106611.367187501,4361.77565458982,34364.7309567668,2893.47836962352,68675.878588236,4637.94835688574,162782.695368421,1043939.39505882
"593/3501",77861.1028773073,284133.575000001,40023.370588235,35192.3144999997,45024.7360994977,49865.5949999999,42579.9817936876,54366.5349999999,14463.7328984223,17640.1521172453,30651.4117706466,0
"593.4/3712",223720.860705881,2446358.71422221,213074.565882355,425769.740166672,79095.2569411759,114716.447999999,49084.2339889508,780080.987111107,329582.871529409,154498.365,255909.58336842,336012.97936842
"594.2/3395",131760.497499999,27278.243582494,112116.1479,115931.084444444,210326.1501,79987.7502036365,203990.889473684,133577.8722,164900.069157894,218016.3144,167997.870454544,264677.632363634
"594.3/3613",574791.939529418,486174.015529408,164187.36847059,35761.5487702619,689400.004421051,247692.55,174772.995555558,40946.0080356305,197940.019764705,64952.0293671286,573244.915894735,2634209.14447057
"595.3/3612",234262.304470591,339975.426105267,67435.8326964646,31077.006994829,276909.612105262,99621.0748807458,74147.5410329937,35648.3103765625,92366.0517892938,27379.4553223013,256556.992222221,1041407.32023529
"595.2/3004",178436.863894736,264081.384681819,32481.0914337875,1966.93589532896,53462.3078856034,54578.3921355618,857615.435318184,44927.6785697968,195758.328380953,58026.711558854,89822.1832670809,311351.306823533
"596/3715",38352.8753633517,381904.347388887,65769.9201666664,61369.2963888896,0,0,5591.42992991361,82258.568563826,47342.4892500004,3521.08351611286,52713.4785882358,14820.0615333476
"596.3/3815",195519.464055558,4482351.4364445,273204.871222221,161920.106833333,171784.272631578,137865.603368421,84330.2799380093,620204.697722229,293010.80811111,142623.144999998,473434.137684209,511236.051111109
"597.3/3816",67248.6522352948,1671423.26444446,104149.96517647,66215.7910588231,67707.4478947367,53252.3625272787,28158.5965752494,230637.900705885,124673.3067,59829.3910555562,180230.293578947,206925.51375
"598.4/3708",26266.2477418105,592732.098000007,51683.7472941173,43868.5150000001,17755.701901939,7349.8231447616,18080.496410936,93591.0871875008,38897.7608634658,18032.5367821088,55230.0193333331,31688.3574227671
"599.3/4070",678979.629714286,49344.4500000003,292794.285000001,15550.9081500002,8377.17734999999,18546.22245,982519.520000002,953871.453899999,109637.956312501,14123.67375,15187.8397499998,51311.5806
